id,nombre,puesto,turno,edad
29aa57d8-4323-47af-b520-46ca372af4d0,Carlos García,Supervisor de seguridad,Matutino,39
107f2f15-084c-4f7e-bad6-4d5010d41d4e,María López,Guardia de seguridad,Matutino,28
26a9f99a-764d-4053-a693-1503fe386703,Juan Hernández,Supervisor de seguridad,Nocturno,27
feb2f711-97d0-4a32-85bf-94a615060504,Ana Martínez,Guardia de seguridad,Matutino,23
a6e14b3d-98cc-4d90-92dd-c32a84bc159c,Pedro Rodríguez,Guardia de seguridad,Matutino,54
e063d3cc-ec6d-4d60-a5e3-9166d1ac56a8,Laura Sánchez,Supervisor de seguridad,Nocturno,34
8540d25f-044d-4ed4-b882-15d464a57bd6,Miguel Torres,Guardia de seguridad,Nocturno,56
c5b53145-5729-4092-b846-1866f2b4636b,Sofía Ramírez,Guardia de seguridad,Vespertino,39
e0b94e76-17c4-43b8-a461-e1b70aa65101,José Flores,Guardia de seguridad,Matutino,32
8f9a56b3-4126-4475-b0cf-bcf911b9ba80,Gabriela Díaz,Supervisor de seguridad,Vespertino,39
870ea135-0a31-4e42-81e2-66300b01a5ff,Fernando Morales,Guardia de seguridad,Vespertino,28
e7cdd0e4-1cd6-482a-840b-289b1b25d436,Patricia Jiménez,Guardia de seguridad,Matutino,44
7aadcf7f-2f6a-434b-aa2b-bb92e6914f0d,Ricardo Vargas,Guardia de seguridad,Nocturno,38
6cc7ec83-bce3-4a56-af0b-626763b84105,Claudia Ruiz,Guardia de seguridad,Nocturno,51
359b4ee5-5a14-45f8-8605-0ff9f3b35258,Alejandro Ortega,Guardia de seguridad,Vespertino,27
7d24d800-eec8-4269-b680-6c2efd29147e,Verónica Castro,Guardia de seguridad,Nocturno,45
4f239635-1235-471e-8ab7-7f6c2e0e90f8,Daniel Mendoza,Guardia de seguridad,Nocturno,26
a6dacaf7-ebcc-4084-b876-aad30c6c259b,Teresa Guerrero,Guardia de seguridad,Matutino,40
db2ac32b-69af-454b-9e2d-f93c2680cb5c,Raúl Peña,Jefe de turno,Matutino,28
5557e322-5620-46a8-bd23-f963aa086bef,Lucía Domínguez,Guardia de seguridad,Vespertino,45
6ccfa9b5-ec0a-482d-abcb-2cd7c5c60ea2,Héctor Medina,Guardia de seguridad,Vespertino,35
5b20f8bb-71ce-4b5f-a483-8e80d439a1fc,Rosa Aguilar,Supervisor de seguridad,Nocturno,26
01093c60-b647-4a0e-b295-9c433b63d7c9,Alberto Reyes,Supervisor de seguridad,Matutino,56
d8304c70-a28f-4d7a-b3f4-5683c850da20,Beatriz Herrera,Guardia de seguridad,Matutino,51
0e24490e-7ea8-494e-8de5-a2c1453f1674,Enrique Cruz,Guardia de seguridad,Nocturno,57
552f1bad-f8ef-4a74-a659-e7cefb88e193,Mónica Salazar,Guardia de seguridad,Vespertino,25
94ca70f2-c62d-4b97-90ea-1801eb648391,Guillermo Ramos,Guardia de seguridad,Matutino,42
f3c650ac-d72c-41d5-80f9-e56b8b4a0f92,Elena Delgado,Guardia de seguridad,Matutino,35
880a4b53-2e87-4d24-ad89-88baf6ace89a,Óscar Navarro,Guardia de seguridad,Nocturno,42
6cd518f1-5375-4f1d-af1d-cb80362a5f39,Diana Soto,Guardia de seguridad,Vespertino,47
8b57f664-e849-4468-a548-8965ec951f0c,Arturo Espinoza,Guardia de seguridad,Nocturno,51
e0597084-2de6-409b-85d0-1ea691b52871,Carmen León,Guardia de seguridad,Matutino,37
34477b6c-9a30-41b1-a2ab-43fb33b95874,Roberto Campos,Guardia de seguridad,Nocturno,38
217b8123-bc67-47fa-9186-1ad8e752daa4,Adriana Vega,Guardia de seguridad,Vespertino,47
f779e017-734e-455d-8e5e-3d49e6696a9e,Francisco Luna,Guardia de seguridad,Matutino,54
ab908b70-7ce3-4e3f-a4bd-58b27b249e37,Silvia Contreras,Guardia de seguridad,Matutino,29
ea37e81d-b690-4506-9ff9-056075edf9dc,Javier Fuentes,Guardia de seguridad,Matutino,49
52fb37eb-494a-4f15-9318-d8f1e0fe59b0,Marisol Ríos,Guardia de seguridad,Vespertino,46
9925431f-9e9a-46bd-af88-577d3e3ae979,Sergio Rojas,Guardia de seguridad,Vespertino,55
74c607b6-8d63-4a0f-9bb8-6f3f3d1e64af,Paulina Acosta,Guardia de seguridad,Nocturno,22
f12bf503-f758-4933-ba4b-13b531f0c557,Víctor Sandoval,Supervisor de seguridad,Matutino,56
3a2b57d7-cd81-4e01-9341-408fed878b54,Norma Ibarra,Guardia de seguridad,Nocturno,43
45221745-d389-439a-9751-47822ec7a18b,Ismael Cervantes,Guardia de seguridad,Vespertino,32
43c74691-a41d-4104-8e50-869a278799da,Irma Mejía,Guardia de seguridad,Nocturno,38
15dd3b16-cfef-47c0-a52c-2ded044e8918,Gerardo Cabrera,Jefe de turno,Matutino,54
a165e2be-09c4-4b28-95fb-43a0d1858a1a,Yolanda Estrada,Guardia de seguridad,Nocturno,41
5a533e6e-c253-47a8-8563-4f6e8324a79a,Rubén Figueroa,Guardia de seguridad,Nocturno,34
a3d0bb28-23c2-4ba5-9fc3-42c857aff62f,Alicia Molina,Guardia de seguridad,Matutino,56
21570e65-2baa-4d43-82a2-8ef9345723e6,Tomás Bautista,Jefe de turno,Nocturno,22
3e37da55-d686-47d1-9ee1-988f228ec4cc,Cristina Ponce,Guardia de seguridad,Vespertino,23
