id,turno_id,hora_inicio,hora_final,duracion_esperada_min
41efccac-1f32-4900-b110-fea3ddc06eda,af848fc4-1fef-4ac8-ac51-fbb7168864b9,2026-08-03 20:08:00,2026-08-03 20:56:00,45
42940a81-be28-4cad-9645-957b82059fb9,b4b8d889-4857-4fbb-9ace-eb5095113426,2026-07-27 09:42:00,2026-07-27 10:32:00,45
4005de98-0c9d-4ffb-86b6-5522bbbfdebd,af07c658-43c9-4afb-abea-07f90434fdef,2026-07-31 13:08:00,2026-07-31 13:58:00,60
87cd6aec-75ca-4bdc-948d-e807c2e03367,3904c748-d68f-4f8d-a887-967a3672cdf1,2026-07-14 23:30:00,2026-07-15 00:38:00,45
cae6d543-a930-4a86-ba17-ae484b79dd02,fb97db51-47fd-43bf-bf09-2d30b8c0bd8c,2026-08-10 20:40:00,2026-08-10 21:03:00,20
db8f6268-4c3e-4851-8204-e3497a87233a,6a5fb6d5-aa8f-4996-b139-09a0f6200789,2026-08-05 05:27:00,2026-08-05 06:02:00,30
0741a326-5f84-49bf-8055-c3b7574ebed5,4c194a2f-6ba3-480c-a493-1c9c63fe83f6,2026-08-14 03:59:00,2026-08-14 04:16:00,20
2c0d0778-b8e0-4fe9-b544-3e41da0b9b49,a7a513ab-0804-4014-b171-e5e7bccfdf4f,2026-08-19 15:22:00,2026-08-19 15:57:00,20
a1676d1f-6611-46ff-a76f-5f2393608274,284c0d32-a767-4bb2-ab04-1d5584cd522a,2026-07-26 10:45:00,2026-07-26 11:41:00,20
ee61838d-2a6d-48d6-b1e8-eac35f3f0550,de2da8c5-14cc-438b-8da4-0c9c72bd49f9,2026-07-11 18:43:00,2026-07-11 19:27:00,45
2fc0003c-9585-4e80-86dd-a2d274288699,ef576cc1-2ff7-4fc3-ac2f-65f3c06189fe,2026-07-22 00:20:00,2026-07-22 00:37:00,20
57137a5f-7255-4139-8d3d-ce062064eb28,5223c3e1-4602-48b8-a4bd-edb3feb99a6f,2026-08-17 13:36:00,2026-08-17 14:39:00,60
8e9701f4-73e7-46a3-af87-ab5ce3723e3f,7cac5b1b-3e60-460e-91d5-d09c0a226a57,2026-07-03 01:30:00,2026-07-03 01:45:00,15
95374762-9a4e-47d1-9f78-5b31d9813fb0,c79bc93f-578b-40b9-8734-65c9212d80f9,2026-07-06 11:13:00,2026-07-06 12:10:00,60
ad5d1d27-2b63-4878-a096-6f4e890a03e6,eb7f11cd-5646-4623-9096-a2c2d3072250,2026-08-25 06:34:00,2026-08-25 07:39:00,30
36aab0fd-d9b4-4418-a225-f040314ca011,591b80a1-70af-4111-bc24-0e11766afbfb,2026-07-18 07:25:00,2026-07-18 08:12:00,45
cba93e6b-a6f0-4ef8-bab5-7d83c4aaa0c5,b3ba1cbd-c35e-4d7d-91f9-13a7348ce281,2026-08-13 23:32:00,2026-08-14 00:22:00,45
1561df9a-7cec-468c-90cf-9da5fcb618f6,6346f467-618d-47c1-8b1b-fa40f9261361,2026-08-23 18:45:00,2026-08-23 19:49:00,60
fbef7ded-6005-41ff-98ba-fb69b6b702fc,ffbd087d-b057-4752-8f00-0f12e644b6da,2026-07-02 13:49:00,2026-07-02 14:47:00,60
efc87bfe-f2ca-4967-bd51-e46010912666,6a5fb6d5-aa8f-4996-b139-09a0f6200789,2026-08-05 05:57:00,2026-08-05 06:20:00,20
3d54b7f7-61a3-48c6-8403-72dc223047bf,591b80a1-70af-4111-bc24-0e11766afbfb,2026-07-18 07:33:00,2026-07-18 08:18:00,45
bf858ebe-da82-421b-a28f-1838249ad8c8,eb7f11cd-5646-4623-9096-a2c2d3072250,2026-08-25 03:40:00,2026-08-25 04:11:00,30
8da40ec2-77a2-4d04-9d22-89e5be8ed714,97d1fdfa-5e54-4d43-836c-9b2a4cf6398f,2026-08-07 23:06:00,2026-08-07 23:56:00,60
12c72f02-ec36-4aab-bdd8-20429751d680,cd007569-6f19-4fa1-802c-723a6813cb7e,2026-08-08 02:23:00,2026-08-08 03:27:00,60
2c7f4abc-9b1e-43e3-8980-af847014a701,d3e3f971-e3b9-4e36-9227-5eea72d52a60,2026-08-17 13:14:00,2026-08-17 13:51:00,15
56e00390-0efa-498e-bcb3-0cf4951b290d,e5afeaf0-be26-4100-a0c4-ec52dd54a237,2026-07-01 10:11:00,2026-07-01 10:46:00,30
02477437-51ed-46ea-a28d-99a514752fa0,28221fe0-e207-4251-93c3-d6660fdafd64,2026-08-26 04:22:00,2026-08-26 05:09:00,45
28a8f391-e0d8-4bb7-bfe2-41b9afc3ec73,2ee0d630-278c-450a-96c6-f66117a9525b,2026-07-22 10:18:00,2026-07-22 10:48:00,30
9cb209be-4b4f-4adc-b853-c15958af76ef,c96dda0a-8f9c-44d5-ba19-2afa35972c52,2026-07-07 15:09:00,2026-07-07 16:09:00,60
7a3317e9-06cc-47e6-aebe-153ee460ce80,5366b2e1-9f63-48b7-bf7b-6f5d13a009d9,2026-08-07 16:16:00,2026-08-07 16:51:00,30
70672b5c-3fde-472c-8b39-51dc6a58d971,ef576cc1-2ff7-4fc3-ac2f-65f3c06189fe,2026-07-22 03:12:00,2026-07-22 03:29:00,15
411ca9fd-777b-4b90-a110-db359dfc3be8,e81b25b7-688d-49c4-ba3b-fe7405dd3ff7,2026-07-12 03:39:00,2026-07-12 03:51:00,15
9b01da1c-b939-434c-8cb2-f74b4a1a762e,4c194a2f-6ba3-480c-a493-1c9c63fe83f6,2026-08-14 03:00:00,2026-08-14 03:18:00,20
4d6c7a73-912f-4889-8428-e7a6c323e4e3,34650e43-d06b-45f9-95cb-8a9d749d82e1,2026-07-15 07:28:00,2026-07-15 08:30:00,60
dc4ebcb3-ce05-44dd-af9f-6455d99e433f,e81b25b7-688d-49c4-ba3b-fe7405dd3ff7,2026-07-11 23:22:00,2026-07-11 23:50:00,30
84521a49-f9f5-42ad-99cb-45b782b8b795,e5afeaf0-be26-4100-a0c4-ec52dd54a237,2026-07-01 14:25:00,2026-07-01 14:39:00,15
d80810a8-d505-4a5f-afa1-99a305560323,5679c27c-18bc-4530-bc5c-0481a43a47d0,2026-07-11 05:04:00,2026-07-11 05:58:00,60
304e11f2-db12-4a4d-8ea4-a42974b32f47,de2da8c5-14cc-438b-8da4-0c9c72bd49f9,2026-07-11 22:06:00,2026-07-11 23:11:00,60
370ac4ed-fec6-4a1a-a0ef-cec585d9e413,fb97db51-47fd-43bf-bf09-2d30b8c0bd8c,2026-08-10 22:46:00,2026-08-10 23:34:00,45
7fda6d55-1b74-4f93-b9cd-4cbad390b909,1f9d3467-0290-4fdd-87e1-fc3ace763ab1,2026-08-21 21:07:00,2026-08-21 22:52:00,60
e6ba0eed-bf11-4636-bb9c-03a149ebaad1,0fabc47e-aff8-4d28-825b-0d3aa8f77ef2,2026-07-16 08:01:00,2026-07-16 08:19:00,20
c2dafa11-6dec-4c6b-b3f4-2cf97438a0b8,94b3c6a5-5161-4e9e-b932-8eb5a00be983,2026-07-04 10:12:00,2026-07-04 10:35:00,20
1ceb5d45-bba8-4948-b75a-db5df0e0511f,d3e3f971-e3b9-4e36-9227-5eea72d52a60,2026-08-17 12:21:00,2026-08-17 13:14:00,60
b1c3383d-fd1f-45b1-b147-05e6a977d9b5,7cac5b1b-3e60-460e-91d5-d09c0a226a57,2026-07-03 02:56:00,2026-07-03 04:03:00,45
a4174138-2b35-4730-9c10-df9ea37451d1,5223c3e1-4602-48b8-a4bd-edb3feb99a6f,2026-08-17 12:47:00,2026-08-17 13:50:00,60
f000c557-3091-4177-8356-86767082ea4b,de2da8c5-14cc-438b-8da4-0c9c72bd49f9,2026-07-11 18:50:00,2026-07-11 19:08:00,20
64a41ad9-23b9-4dc9-9cdb-91a7d4e31249,4c194a2f-6ba3-480c-a493-1c9c63fe83f6,2026-08-14 00:50:00,2026-08-14 01:21:00,30
2855ba7f-2c21-49c0-9ec7-c3130cc57d19,d3e3f971-e3b9-4e36-9227-5eea72d52a60,2026-08-17 07:32:00,2026-08-17 08:18:00,45
1dd55d51-5201-43fa-88f8-d8ac087628bb,085dd0ee-6947-4a34-9a51-240ae02c4f6c,2026-08-22 10:43:00,2026-08-22 11:31:00,45
ec65048c-9683-4247-8bb1-65fd6094614c,0fabc47e-aff8-4d28-825b-0d3aa8f77ef2,2026-07-16 11:50:00,2026-07-16 12:40:00,60
4112f67f-1af4-448e-87a6-1e494493702c,de8b63e1-b3a9-4cec-936d-b4333bb1dd7b,2026-08-03 20:14:00,2026-08-03 21:15:00,60
daec609b-be2b-4eff-93a2-362ab51c8d77,a7251d5a-6dc4-4de5-8a52-1337eed11703,2026-07-28 22:53:00,2026-07-28 23:14:00,20
548d2593-52a3-4fc9-aac3-b292f3cb0286,e81b25b7-688d-49c4-ba3b-fe7405dd3ff7,2026-07-12 08:29:00,2026-07-12 09:12:00,45
1b1b84a3-2e58-4dda-b1cd-7ae93f615256,5dae8be6-5eda-49db-ba54-636398436134,2026-08-21 17:06:00,2026-08-21 17:50:00,45
6ca5374a-cd0f-42b9-a764-6a22e14d55c1,591b80a1-70af-4111-bc24-0e11766afbfb,2026-07-18 10:49:00,2026-07-18 11:39:00,45
e96321bb-f0e8-47a6-a96a-2d53e2a214eb,ffdc4d5a-6248-4358-80b8-3b88cad3ca01,2026-08-13 06:56:00,2026-08-13 07:14:00,15
9777cc31-e908-4196-ab3e-f6108de2737b,34650e43-d06b-45f9-95cb-8a9d749d82e1,2026-07-15 11:45:00,2026-07-15 12:03:00,15
574a427b-7da0-4bea-89f6-d0551776a931,4c194a2f-6ba3-480c-a493-1c9c63fe83f6,2026-08-14 01:13:00,2026-08-14 02:17:00,60
864455c7-459d-4284-950e-945ebcf5d104,a7a513ab-0804-4014-b171-e5e7bccfdf4f,2026-08-19 15:33:00,2026-08-19 15:54:00,20
ad80e3d5-e37f-40a2-bc68-39349ff345bb,d3e3f971-e3b9-4e36-9227-5eea72d52a60,2026-08-17 12:26:00,2026-08-17 13:46:00,45
ae3d5736-fa8f-4729-ae07-1459f7c926e4,ef576cc1-2ff7-4fc3-ac2f-65f3c06189fe,2026-07-22 02:28:00,2026-07-22 02:40:00,20
3325a871-d656-491f-8222-40b77634b50a,772e7aa6-db7d-4988-81ff-75449dda0da5,2026-07-16 10:04:00,2026-07-16 10:18:00,15
92e066e6-d151-4332-8afc-d80e962c2a8f,7b9ee9fc-54f7-4903-b0c8-a69676f2ec74,2026-08-25 05:13:00,2026-08-25 05:47:00,30
620c14c0-0649-452a-8101-435445bd130a,5dae8be6-5eda-49db-ba54-636398436134,2026-08-21 16:12:00,2026-08-21 17:02:00,45
39773d0e-8601-4ff2-a263-ae638e7388e2,0fabc47e-aff8-4d28-825b-0d3aa8f77ef2,2026-07-16 08:39:00,2026-07-16 08:57:00,15
2da14f08-381a-46bb-8bc3-5648ecd0273b,591b80a1-70af-4111-bc24-0e11766afbfb,2026-07-18 14:02:00,2026-07-18 14:52:00,60
0988dc62-dde3-468a-b8a6-12f3ae89dff9,1f9d3467-0290-4fdd-87e1-fc3ace763ab1,2026-08-21 21:16:00,2026-08-21 22:15:00,60
ff084b5b-eb1f-4dfb-85b2-1669594a674f,d3e3f971-e3b9-4e36-9227-5eea72d52a60,2026-08-17 11:04:00,2026-08-17 11:54:00,45
6650efc9-1e04-490d-a43d-f80447bdd39b,fb97db51-47fd-43bf-bf09-2d30b8c0bd8c,2026-08-10 22:51:00,2026-08-10 23:21:00,30
7bb38088-3496-43c4-8367-edf3b29a613f,a7251d5a-6dc4-4de5-8a52-1337eed11703,2026-07-29 04:44:00,2026-07-29 05:06:00,20
