id,empleado_id,locacion_id,hora_inicio,hora_fin,estado
faa5d3e0-4c73-486f-a8cf-5b3c121c2577,7d24d800-eec8-4269-b680-6c2efd29147e,2533d865-3672-4ad0-a8ce-a6974eda4dd5,2026-08-12 23:06:00,2026-08-13 10:55:00,En curso
af07c658-43c9-4afb-abea-07f90434fdef,ea37e81d-b690-4506-9ff9-056075edf9dc,b9f58564-eda4-4fc5-9acd-da5fde05ae6d,2026-07-31 06:25:00,2026-07-31 16:35:00,Completado
ffdc4d5a-6248-4358-80b8-3b88cad3ca01,8540d25f-044d-4ed4-b882-15d464a57bd6,6b776a29-cffa-4f6a-af0d-19c7a13a9eba,2026-08-12 23:11:00,2026-08-13 09:09:00,Completado
4c194a2f-6ba3-480c-a493-1c9c63fe83f6,5a533e6e-c253-47a8-8563-4f6e8324a79a,f77813d4-2982-4545-9501-76811094ee36,2026-08-13 22:01:00,2026-08-14 08:09:00,Completado
a9c22b97-3ced-4d0a-bfbe-c567429b40b2,8540d25f-044d-4ed4-b882-15d464a57bd6,17904102-eeb2-4ca9-a932-0f83b6c4000f,2026-07-13 22:17:00,2026-07-14 08:06:00,Completado
772e7aa6-db7d-4988-81ff-75449dda0da5,a6dacaf7-ebcc-4084-b876-aad30c6c259b,f42772bc-0c05-4916-b980-a6e01e73d519,2026-07-16 06:14:00,2026-07-16 18:02:00,Completado
c79bc93f-578b-40b9-8734-65c9212d80f9,f779e017-734e-455d-8e5e-3d49e6696a9e,80ba3dfc-2b83-4307-b116-853e48e46533,2026-07-06 06:05:00,2026-07-06 16:05:00,Completado
de2da8c5-14cc-438b-8da4-0c9c72bd49f9,552f1bad-f8ef-4a74-a659-e7cefb88e193,f77813d4-2982-4545-9501-76811094ee36,2026-07-11 15:00:00,2026-07-12 00:53:00,Incompleto
83d56bee-836e-4cf0-a8b7-8f95dd0f4be6,6cd518f1-5375-4f1d-af1d-cb80362a5f39,f003a063-c2a7-43b0-9a76-60d1ce7ce440,2026-07-28 16:30:00,2026-07-29 04:40:00,Completado
5679c27c-18bc-4530-bc5c-0481a43a47d0,a165e2be-09c4-4b28-95fb-43a0d1858a1a,41a3ec17-a2df-426d-8b9b-c7dc01060954,2026-07-10 22:09:00,2026-07-11 06:24:00,Completado
94b3c6a5-5161-4e9e-b932-8eb5a00be983,a3d0bb28-23c2-4ba5-9fc3-42c857aff62f,9aa5c7b2-7077-42ac-96aa-d393105173ec,2026-07-04 08:10:00,2026-07-04 15:56:00,Completado
e81b25b7-688d-49c4-ba3b-fe7405dd3ff7,34477b6c-9a30-41b1-a2ab-43fb33b95874,d6d5083c-5426-4784-ad32-3f2ee6e80917,2026-07-11 22:30:00,2026-07-12 10:17:00,Incompleto
9c5aa193-8848-4af5-a2cc-9d021d850466,a6e14b3d-98cc-4d90-92dd-c32a84bc159c,5293218a-48a6-447b-b5eb-fb7eaddf7564,2026-07-05 08:27:00,2026-07-05 16:24:00,Completado
5366b2e1-9f63-48b7-bf7b-6f5d13a009d9,ea37e81d-b690-4506-9ff9-056075edf9dc,17904102-eeb2-4ca9-a932-0f83b6c4000f,2026-08-07 08:01:00,2026-08-07 19:48:00,Completado
af848fc4-1fef-4ac8-ac51-fbb7168864b9,52fb37eb-494a-4f15-9318-d8f1e0fe59b0,b9f58564-eda4-4fc5-9acd-da5fde05ae6d,2026-08-03 15:29:00,2026-08-04 01:20:00,En curso
cb73788d-f25e-477d-b8e2-06a30cdde338,6ccfa9b5-ec0a-482d-abcb-2cd7c5c60ea2,17904102-eeb2-4ca9-a932-0f83b6c4000f,2026-07-17 15:04:00,2026-07-18 03:09:00,Completado
a9fd4df0-ef60-4133-addf-775635e476ca,6ccfa9b5-ec0a-482d-abcb-2cd7c5c60ea2,bb0f13f8-6626-41cf-93f2-7183dae69dac,2026-08-29 14:00:00,2026-08-30 00:04:00,Incompleto
6a5fb6d5-aa8f-4996-b139-09a0f6200789,8540d25f-044d-4ed4-b882-15d464a57bd6,f7d9988e-09ed-4b6c-aab4-bf55eaf2d82e,2026-08-04 22:16:00,2026-08-05 08:05:00,Incompleto
1134f1d3-5ddf-4c66-a470-3739dec7fb63,a6e14b3d-98cc-4d90-92dd-c32a84bc159c,17904102-eeb2-4ca9-a932-0f83b6c4000f,2026-07-24 07:05:00,2026-07-24 17:16:00,Completado
1f9d3467-0290-4fdd-87e1-fc3ace763ab1,5557e322-5620-46a8-bd23-f963aa086bef,95ef11ce-a957-45f3-86dc-12cae509a8ed,2026-08-21 16:16:00,2026-08-22 00:22:00,Cancelado
c96dda0a-8f9c-44d5-ba19-2afa35972c52,5557e322-5620-46a8-bd23-f963aa086bef,d5dcd10e-db52-44cf-bfc3-9138826f28c9,2026-07-07 14:08:00,2026-07-07 22:21:00,Completado
591b80a1-70af-4111-bc24-0e11766afbfb,ab908b70-7ce3-4e3f-a4bd-58b27b249e37,89983669-33b8-4ee6-b47b-0a8bc950f5c0,2026-07-18 07:19:00,2026-07-18 15:26:00,Completado
eb7f11cd-5646-4623-9096-a2c2d3072250,43c74691-a41d-4104-8e50-869a278799da,f9bd6e87-a6be-4988-80de-876cd1d3e93c,2026-08-24 23:16:00,2026-08-25 09:09:00,Incompleto
3ecd08bc-31b6-4c74-ac18-0ead1faf3e50,feb2f711-97d0-4a32-85bf-94a615060504,8c60efd4-96c6-481b-9326-661f70bfa6ec,2026-08-10 07:26:00,2026-08-10 17:12:00,Completado
fb97db51-47fd-43bf-bf09-2d30b8c0bd8c,3e37da55-d686-47d1-9ee1-988f228ec4cc,4bc2d83c-135b-44d7-b9b9-616bff050275,2026-08-10 15:05:00,2026-08-11 03:04:00,Completado
e5afeaf0-be26-4100-a0c4-ec52dd54a237,f3c650ac-d72c-41d5-80f9-e56b8b4a0f92,d0b30995-0308-4466-abbb-8a5582b7af4e,2026-07-01 06:02:00,2026-07-01 18:15:00,Completado
cd007569-6f19-4fa1-802c-723a6813cb7e,26a9f99a-764d-4053-a693-1503fe386703,bc57f981-4f1b-4452-bfdb-6e8dbb4a2c75,2026-08-07 22:13:00,2026-08-08 05:59:00,Completado
3904c748-d68f-4f8d-a887-967a3672cdf1,26a9f99a-764d-4053-a693-1503fe386703,02921446-f6cb-46dc-8b2a-8278209d02fb,2026-07-14 22:21:00,2026-07-15 06:17:00,En curso
d3e3f971-e3b9-4e36-9227-5eea72d52a60,94ca70f2-c62d-4b97-90ea-1801eb648391,95ef11ce-a957-45f3-86dc-12cae509a8ed,2026-08-17 06:29:00,2026-08-17 14:41:00,Completado
ffbd087d-b057-4752-8f00-0f12e644b6da,e7cdd0e4-1cd6-482a-840b-289b1b25d436,f7d9feb9-5d09-4bba-a23f-d2c97a37573c,2026-07-02 06:23:00,2026-07-02 16:33:00,Incompleto
5dae8be6-5eda-49db-ba54-636398436134,45221745-d389-439a-9751-47822ec7a18b,0f5becc3-638d-4edf-8bc8-f9b1f4539bf2,2026-08-21 14:08:00,2026-08-21 22:18:00,En curso
7b9ee9fc-54f7-4903-b0c8-a69676f2ec74,0e24490e-7ea8-494e-8de5-a2c1453f1674,e90449da-d10b-48ee-9b48-90089c366950,2026-08-24 23:07:00,2026-08-25 07:18:00,Incompleto
085dd0ee-6947-4a34-9a51-240ae02c4f6c,01093c60-b647-4a0e-b295-9c433b63d7c9,6bc835ba-0334-4271-a269-ea36822d5c37,2026-08-22 06:07:00,2026-08-22 14:13:00,Completado
28221fe0-e207-4251-93c3-d6660fdafd64,5b20f8bb-71ce-4b5f-a483-8e80d439a1fc,2533d865-3672-4ad0-a8ce-a6974eda4dd5,2026-08-25 22:30:00,2026-08-26 08:26:00,Completado
8d2c589f-811f-4cc2-a771-d661423e7c85,552f1bad-f8ef-4a74-a659-e7cefb88e193,7a8a4d1f-25c5-4b05-9f43-4bc56a197b93,2026-08-23 16:10:00,2026-08-23 23:58:00,Incompleto
97d1fdfa-5e54-4d43-836c-9b2a4cf6398f,4f239635-1235-471e-8ab7-7f6c2e0e90f8,d55e62de-e931-497f-88fc-69dbfb2bf960,2026-08-07 23:01:00,2026-08-08 07:05:00,Completado
a7251d5a-6dc4-4de5-8a52-1337eed11703,5a533e6e-c253-47a8-8563-4f6e8324a79a,df632432-8115-491f-8b7d-66ad3610f50f,2026-07-28 22:12:00,2026-07-29 10:03:00,Completado
8b135c2b-2807-4285-ad7b-04536f69da02,a165e2be-09c4-4b28-95fb-43a0d1858a1a,9ee297cf-c87f-4f48-9956-862e09094abb,2026-07-01 22:11:00,2026-07-02 07:58:00,Incompleto
ef576cc1-2ff7-4fc3-ac2f-65f3c06189fe,5b20f8bb-71ce-4b5f-a483-8e80d439a1fc,95ef11ce-a957-45f3-86dc-12cae509a8ed,2026-07-21 22:23:00,2026-07-22 08:24:00,Completado
284c0d32-a767-4bb2-ab04-1d5584cd522a,94ca70f2-c62d-4b97-90ea-1801eb648391,df632432-8115-491f-8b7d-66ad3610f50f,2026-07-26 08:09:00,2026-07-26 19:58:00,Completado
b3ba1cbd-c35e-4d7d-91f9-13a7348ce281,45221745-d389-439a-9751-47822ec7a18b,7019b11e-fabe-4980-b67c-9fa1224a6d22,2026-08-13 16:28:00,2026-08-14 00:32:00,Completado
6346f467-618d-47c1-8b1b-fa40f9261361,552f1bad-f8ef-4a74-a659-e7cefb88e193,d0b30995-0308-4466-abbb-8a5582b7af4e,2026-08-23 14:09:00,2026-08-24 00:00:00,Completado
4b3f21a1-a443-49d1-ada3-caa3dd6a400c,52fb37eb-494a-4f15-9318-d8f1e0fe59b0,5293218a-48a6-447b-b5eb-fb7eaddf7564,2026-08-11 15:14:00,2026-08-12 01:13:00,En curso
e94ea605-abd1-467a-a019-11f3b9e35b2b,34477b6c-9a30-41b1-a2ab-43fb33b95874,ce6946a5-21e4-4d65-9659-d744039d0184,2026-08-20 22:21:00,2026-08-21 06:15:00,Completado
2ee0d630-278c-450a-96c6-f66117a9525b,f12bf503-f758-4933-ba4b-13b531f0c557,95ef11ce-a957-45f3-86dc-12cae509a8ed,2026-07-22 06:26:00,2026-07-22 14:32:00,Completado
7cac5b1b-3e60-460e-91d5-d09c0a226a57,7aadcf7f-2f6a-434b-aa2b-bb92e6914f0d,89983669-33b8-4ee6-b47b-0a8bc950f5c0,2026-07-02 22:07:00,2026-07-03 08:11:00,Cancelado
b4b8d889-4857-4fbb-9ace-eb5095113426,a6e14b3d-98cc-4d90-92dd-c32a84bc159c,f42772bc-0c05-4916-b980-a6e01e73d519,2026-07-27 08:18:00,2026-07-27 16:25:00,En curso
0fabc47e-aff8-4d28-825b-0d3aa8f77ef2,e0597084-2de6-409b-85d0-1ea691b52871,de934c04-97d3-4fab-83a3-5e05ef6316c8,2026-07-16 06:20:00,2026-07-16 18:05:00,Incompleto
a7a513ab-0804-4014-b171-e5e7bccfdf4f,3e37da55-d686-47d1-9ee1-988f228ec4cc,6b776a29-cffa-4f6a-af0d-19c7a13a9eba,2026-08-19 15:07:00,2026-08-19 23:17:00,Incompleto
2ad12548-ebf1-4483-aff9-b3b224033ff6,217b8123-bc67-47fa-9186-1ad8e752daa4,f42772bc-0c05-4916-b980-a6e01e73d519,2026-07-04 16:07:00,2026-07-05 00:06:00,Completado
c2726e66-d764-4a9f-b2f7-04d1691a2514,6cd518f1-5375-4f1d-af1d-cb80362a5f39,d5dcd10e-db52-44cf-bfc3-9138826f28c9,2026-08-03 16:19:00,2026-08-04 02:34:00,En curso
ff19375c-09b2-4796-abee-be3fd752c4d7,880a4b53-2e87-4d24-ad89-88baf6ace89a,95ef11ce-a957-45f3-86dc-12cae509a8ed,2026-08-22 23:26:00,2026-08-23 11:25:00,Incompleto
9797f42e-6eed-4c1f-bb5c-32a0a72f5c96,a3d0bb28-23c2-4ba5-9fc3-42c857aff62f,ce6946a5-21e4-4d65-9659-d744039d0184,2026-07-29 07:24:00,2026-07-29 15:35:00,Completado
de8b63e1-b3a9-4cec-936d-b4333bb1dd7b,3e37da55-d686-47d1-9ee1-988f228ec4cc,7407c24e-5135-4b1e-935e-db7d1974183f,2026-08-03 15:20:00,2026-08-03 23:13:00,Completado
f9eec10f-1941-4dc1-83c4-b9fc99544416,a165e2be-09c4-4b28-95fb-43a0d1858a1a,f003a063-c2a7-43b0-9a76-60d1ce7ce440,2026-07-16 23:10:00,2026-07-17 09:23:00,Completado
34650e43-d06b-45f9-95cb-8a9d749d82e1,e0b94e76-17c4-43b8-a461-e1b70aa65101,89983669-33b8-4ee6-b47b-0a8bc950f5c0,2026-07-15 07:22:00,2026-07-15 15:29:00,Completado
580d26ec-3b60-4eb4-abaa-ca4222ccd5fe,94ca70f2-c62d-4b97-90ea-1801eb648391,f7d9feb9-5d09-4bba-a23f-d2c97a37573c,2026-07-22 08:14:00,2026-07-22 18:00:00,Completado
2aba97c1-c6c7-411f-91a0-1351b57f25db,94ca70f2-c62d-4b97-90ea-1801eb648391,7019b11e-fabe-4980-b67c-9fa1224a6d22,2026-08-27 08:30:00,2026-08-27 20:15:00,Incompleto
d6b2ecae-9769-4f73-92f4-673610cb2bef,21570e65-2baa-4d43-82a2-8ef9345723e6,b9f58564-eda4-4fc5-9acd-da5fde05ae6d,2026-07-25 23:00:00,2026-07-26 08:54:00,En curso
5223c3e1-4602-48b8-a4bd-edb3feb99a6f,94ca70f2-c62d-4b97-90ea-1801eb648391,9aa5c7b2-7077-42ac-96aa-d393105173ec,2026-08-17 08:17:00,2026-08-17 20:30:00,Completado
